member,analytic_N,analytic_M,analytic_V,pynite_N,pynite_M,pynite_V,sap2000_N,sap2000_M,sap2000_V,analytic_pctN,analytic_pctM,analytic_pctV,sap2000_pctN,sap2000_pctM,sap2000_pctV
C0,0.0,0.0,0.0,83024.99999999999,0.0,0.0,83025.00000000001,0.0,0.0,-100.0,0.0,0.0,3.505429744864042e-14,0.0,0.0
C1,0.0,0.0,0.0,166050.0,0.0,0.0,166050.00000000006,0.0,0.0,-100.0,0.0,0.0,3.5054297448640415e-14,0.0,0.0
C2,0.0,0.0,0.0,83025.00000000001,0.0,0.0,83025.00000000003,0.0,0.0,-100.0,0.0,0.0,1.7527148724320204e-14,0.0,0.0
B0,0.0,124537500.00000001,83025.00000000001,0.0,124537499.99999994,83025.00000000001,0.0,124537500.0,83025.0,0.0,5.982600097901301e-14,0.0,0.0,4.78608007832104e-14,-1.7527148724320204e-14
B1,0.0,124537500.00000001,83025.00000000001,0.0,124537499.99999994,83025.00000000001,0.0,124537500.0,83025.0,0.0,5.982600097901301e-14,0.0,0.0,4.78608007832104e-14,-1.7527148724320204e-14
